Number of Positve Word,Number of Negative Word,Frequency of Positive Words,Frequency of Negative Words,Sentiment Value,Number of Stop Words,Number of Capitalization,Average Word Length,Max Word Length,Is maximum word positive?,Sum Consonant Character Position,Sum Vowel Character Position,Total Number of Words,SENTIMENT CLASS
0,3,0,25,-30,1,1,5,11,0,181,87,12,0
0,1,0,5,-10,12,1,3,10,0,148,88,20,0
1,4,3.125,12.5,-30,7,1,4,12,0,366,220,32,0
0,0,0,0,0,5,1,3,8,0,72,34,9,0
1,0,4.545454545,0,10,9,2,3,7,0,155,89,22,1
2,2,9.523809524,9.523809524,0,4,3,3,9,0,176,88,21,0
0,1,0,25,-10,0,1,2,6,0,27,15,4,0
2,0,12.5,0,20,3,1,3,8,0,112,67,16,1
0,0,0,0,0,0,1,3,11,0,43,30,4,0
1,0,9.090909091,0,10,3,3,3,7,0,98,55,11,1
1,0,14.28571429,0,10,3,1,3,8,0,52,35,7,1
2,0,12.5,0,20,4,2,3,9,0,105,76,16,1
2,0,16.66666667,0,20,6,11,3,9,0,83,62,12,1
1,0,20,0,10,3,4,1,4,0,12,10,5,1
1,0,5.882352941,0,10,9,1,4,10,0,164,74,17,1
1,0,4.761904762,0,10,8,1,3,7,0,125,82,21,0
1,1,4.545454545,4.545454545,0,5,6,3,8,0,157,114,22,1
1,0,4.166666667,0,10,10,1,5,15,0,406,187,24,1
2,0,11.11111111,0,20,5,1,4,13,0,193,127,18,1
0,0,0,0,0,9,1,3,11,0,182,87,18,1
1,0,6.25,0,10,8,1,4,9,0,177,81,16,1
1,0,5.263157895,0,10,9,1,3,7,0,145,64,19,1
1,0,5.882352941,0,10,7,1,3,8,0,116,64,17,1
0,0,0,0,0,4,1,4,11,0,146,99,12,1
2,0,9.090909091,0,20,5,1,4,14,0,272,182,22,1
0,0,0,0,0,3,1,4,9,0,93,33,8,0
1,0,9.090909091,0,10,3,1,3,8,0,68,32,11,0
1,0,8.333333333,0,10,5,3,3,6,0,58,41,12,1
2,0,40,0,20,1,1,3,8,0,46,24,5,1
0,1,0,16.66666667,-10,1,1,2,6,0,20,20,6,1
0,0,0,0,0,1,1,4,10,0,159,108,13,1
0,1,0,14.28571429,-10,5,1,3,5,0,35,28,7,1
1,1,9.090909091,9.090909091,0,6,1,3,8,0,82,35,11,1
1,0,11.11111111,0,10,3,1,3,8,0,74,43,9,1
0,1,0,16.66666667,-10,1,1,3,8,0,48,25,6,0
1,0,8.333333333,0,10,5,3,2,6,0,46,38,12,1
0,0,0,0,0,2,1,2,5,0,24,11,4,1
2,0,22.22222222,0,20,0,1,2,5,0,33,20,9,1
2,0,50,0,20,0,15,3,10,0,42,33,4,1
0,1,0,11.11111111,-10,4,1,3,10,0,77,47,9,0
0,2,0,6.25,-20,8,5,4,10,0,261,182,32,0
0,0,0,0,0,2,1,3,10,0,71,33,7,0
0,2,0,4.761904762,-20,13,8,4,12,0,341,188,42,0
0,1,0,16.66666667,-10,1,1,2,5,0,38,9,6,0
1,0,11.11111111,0,10,1,2,3,8,0,81,40,9,0
2,1,10.52631579,5.263157895,10,3,7,4,8,0,181,87,19,0
0,1,0,11.11111111,-10,3,1,3,11,0,93,44,9,0
2,1,5.882352941,2.941176471,10,17,2,4,17,0,346,213,34,0
0,0,0,0,0,11,1,3,9,0,154,77,18,0
1,0,7.692307692,0,10,2,1,4,9,0,138,94,13,1
1,0,5.263157895,0,10,5,1,3,9,0,148,84,19,1
3,0,10.71428571,0,30,11,3,4,8,0,236,139,28,1
1,2,8.333333333,16.66666667,-10,5,1,3,15,0,135,67,12,1
1,3,4.545454545,13.63636364,-20,7,1,3,8,0,164,111,22,0
0,2,0,40,-20,0,1,3,9,0,58,18,5,0
1,0,7.692307692,0,10,5,2,3,9,0,112,63,13,0
1,0,16.66666667,0,10,0,1,4,12,0,109,49,6,1
1,0,33.33333333,0,10,0,1,4,10,0,49,34,3,1
1,1,16.66666667,16.66666667,0,1,2,4,10,0,80,34,6,1
0,1,0,9.090909091,-10,2,3,3,9,0,118,58,11,1
0,0,0,0,0,2,3,2,7,0,39,29,8,1
1,0,7.142857143,0,10,7,2,2,10,0,70,41,14,1
1,0,10,0,10,0,3,2,5,0,47,22,10,1
1,0,7.692307692,0,10,9,1,3,8,0,108,62,13,1
0,1,0,12.5,-10,3,1,3,12,0,67,52,8,0
0,1,0,5.263157895,-10,9,1,4,11,0,214,120,19,0
0,1,0,11.11111111,-10,1,1,5,12,0,153,81,9,0
2,0,15.38461538,0,20,8,1,4,10,0,143,72,13,0
0,0,0,0,0,5,1,3,7,0,65,36,8,0
3,1,8.571428571,2.857142857,20,13,1,4,13,0,366,235,35,0
1,0,11.11111111,0,10,3,1,3,8,0,72,32,9,0
0,0,0,0,0,5,1,4,12,0,174,103,16,0
1,3,4.166666667,12.5,-20,7,1,4,13,0,291,137,24,0
1,0,11.11111111,0,10,3,1,3,9,0,76,42,9,1
1,0,8.333333333,0,10,5,1,3,8,0,102,44,12,0
1,0,6.666666667,0,10,4,4,3,8,0,98,59,15,1
2,0,7.142857143,0,20,9,2,4,10,0,313,191,28,1
1,1,5.263157895,5.263157895,0,10,1,3,6,0,110,75,19,1
1,0,14.28571429,0,10,0,2,3,9,0,65,30,7,1
2,0,14.28571429,0,20,7,1,3,9,0,120,61,14,1
1,1,3.03030303,3.03030303,0,9,6,4,11,0,317,191,33,0
0,0,0,0,0,4,2,2,5,0,59,40,13,1
0,0,0,0,0,7,1,3,13,0,128,91,15,1
1,0,12.5,0,10,1,1,5,17,0,190,82,8,1
0,0,0,0,0,3,1,4,10,0,126,67,12,1
0,0,0,0,0,3,1,2,4,0,18,19,6,1
0,0,0,0,0,1,1,1,4,0,9,9,6,1
2,0,16.66666667,0,20,2,3,3,8,0,98,38,12,1
1,0,16.66666667,0,10,1,1,2,7,0,26,19,6,1
2,0,12.5,0,20,3,2,4,15,0,196,89,16,1
1,0,20,0,10,0,1,4,10,0,78,34,5,1
0,1,0,16.66666667,-10,3,1,3,7,0,46,21,6,0
0,1,0,25,-10,2,1,3,10,0,37,27,4,0
1,0,11.11111111,0,10,4,8,3,10,0,75,56,9,0
0,2,0,11.76470588,-20,6,2,4,11,0,156,95,17,0
2,1,11.11111111,5.555555556,10,5,15,4,13,0,187,124,18,1
0,1,0,5,-10,7,1,4,12,0,227,138,20,1
0,0,0,0,0,5,1,3,9,0,94,66,13,1
1,1,4,4,0,10,2,3,9,0,206,96,25,1
3,0,8.823529412,0,30,11,8,4,14,0,323,192,34,1
0,1,0,12.5,-10,2,1,3,12,0,81,47,8,1
0,3,0,12.5,-30,7,8,4,12,0,231,111,24,0
0,3,0,25,-30,4,1,4,9,0,132,75,12,0
0,0,0,0,0,3,1,3,11,0,80,48,10,0
1,0,25,0,10,1,1,4,11,0,68,32,4,0
0,1,0,33.33333333,-10,1,1,4,13,0,67,34,3,0
2,0,11.76470588,0,20,6,1,4,9,0,157,92,17,1
1,1,7.142857143,7.142857143,0,3,3,3,5,0,58,54,14,0
0,0,0,0,0,0,3,2,5,0,58,24,12,0
1,0,8.333333333,0,10,3,1,3,7,0,86,26,12,1
3,0,11.53846154,0,30,6,1,4,12,0,237,118,26,1
1,0,10,0,10,2,1,4,14,0,146,71,10,0
0,1,0,3.846153846,-10,9,3,4,9,0,256,179,26,0
0,1,0,7.142857143,-10,6,1,3,12,0,116,65,14,0
0,1,0,16.66666667,-10,2,1,4,11,0,77,61,6,0
0,0,0,0,0,3,1,5,14,0,186,110,10,0
0,2,0,15.38461538,-20,3,1,4,9,0,109,75,13,0
1,4,4,16,-30,10,1,4,9,0,224,132,25,0
0,0,0,0,0,5,1,4,9,0,91,76,10,1
1,0,20,0,10,0,1,2,6,0,32,15,5,1
2,0,25,0,20,0,1,2,8,0,50,31,8,1
0,1,0,3.703703704,-10,17,1,3,8,0,118,100,27,1
1,0,10,0,10,2,1,2,6,0,48,32,10,1
0,0,0,0,0,2,1,2,6,0,35,34,9,1
1,0,50,0,10,0,1,3,9,0,29,16,2,1
0,0,0,0,0,0,0,10,10,0,55,0,0,1
1,0,12.5,0,10,3,1,2,5,0,33,30,8,1
0,1,0,5.555555556,-10,6,4,3,8,0,154,89,18,0
0,0,0,0,0,7,1,3,9,0,159,82,19,1
1,1,5.882352941,5.882352941,0,9,1,4,12,0,172,91,17,0
0,0,0,0,0,16,8,4,10,0,424,184,36,0
0,2,0,10,-20,9,1,4,14,0,211,118,20,0
1,1,9.090909091,9.090909091,0,4,5,3,8,0,91,40,11,0
1,1,14.28571429,14.28571429,0,1,1,3,14,0,92,44,7,0
0,0,0,0,0,6,1,3,7,0,88,57,12,0
0,2,0,11.76470588,-20,5,3,3,6,0,96,41,17,0
0,0,0,0,0,10,1,3,7,0,154,79,18,0
0,2,0,8.333333333,-20,6,4,3,8,0,160,92,24,0
0,1,0,8.333333333,-10,2,2,4,14,0,198,90,12,0
0,4,0,19.04761905,-40,8,1,5,13,0,277,183,21,0
0,2,0,9.523809524,-20,10,1,4,15,0,260,136,21,0
2,1,9.090909091,4.545454545,10,8,1,3,8,0,136,79,22,0
1,3,4.347826087,13.04347826,-20,4,1,3,9,0,176,89,23,0
0,1,0,8.333333333,-10,5,1,4,10,0,115,55,12,0
3,0,21.42857143,0,30,3,1,4,10,0,159,66,14,1
2,4,8.333333333,16.66666667,-20,8,2,3,10,0,191,114,24,0
0,1,0,5,-10,6,1,3,10,0,157,95,20,0
0,1,0,16.66666667,-10,0,1,2,5,0,36,11,6,0
0,2,0,20,-20,2,1,3,8,0,80,44,10,0
0,0,0,0,0,5,5,3,8,0,119,75,15,0
0,0,0,0,0,1,1,2,4,0,14,13,5,0
0,1,0,7.692307692,-10,1,5,3,7,0,101,55,13,1
0,1,0,20,-10,3,7,2,6,0,22,11,5,0
0,1,0,25,-10,1,1,3,10,0,38,30,4,0
0,1,0,16.66666667,-10,1,1,2,5,0,22,15,6,0
0,1,0,50,-10,0,1,2,8,0,21,15,2,0
0,1,0,9.090909091,-10,5,2,2,6,0,57,25,11,0
1,0,5.555555556,0,10,8,1,3,7,0,86,68,18,0
1,1,16.66666667,16.66666667,0,0,1,2,6,0,25,27,6,0
1,1,14.28571429,14.28571429,0,2,1,3,6,0,52,31,7,0
0,1,0,14.28571429,-10,3,24,3,9,0,45,34,7,0
0,0,0,0,0,9,1,3,20,0,237,149,20,0
0,1,0,50,-10,0,1,1,5,0,10,5,2,0
0,1,0,6.666666667,-10,2,2,3,8,0,84,54,15,0
1,2,3.703703704,7.407407407,-10,10,3,3,7,0,163,95,27,0
0,0,0,0,0,6,6,6,19,0,397,225,16,0
1,3,2.941176471,8.823529412,-20,8,3,4,13,0,376,193,34,0
0,5,0,20.83333333,-50,8,1,4,10,0,265,152,24,0
4,0,19.04761905,0,40,9,2,3,11,0,168,109,21,1
0,0,0,0,0,5,1,4,17,0,212,121,15,0
2,0,9.090909091,0,20,6,2,3,10,0,190,108,22,0
0,1,0,5,-10,7,4,4,9,0,177,102,20,0
2,0,16.66666667,0,20,3,1,3,11,0,100,61,12,0
0,1,0,12.5,-10,2,1,2,8,0,39,28,8,0
1,0,14.28571429,0,10,3,1,3,9,0,66,44,7,0
0,1,0,25,-10,1,1,4,10,0,78,25,4,0
0,1,0,8.333333333,-10,3,1,5,11,0,215,93,12,0
0,1,0,16.66666667,-10,1,1,3,6,0,45,21,6,0
0,0,0,0,0,2,1,3,7,0,65,27,7,0
0,1,0,20,-10,1,1,3,8,0,38,20,5,0
1,0,16.66666667,0,10,1,1,3,13,0,64,52,6,0
1,2,8.333333333,16.66666667,-10,5,1,3,7,0,93,56,12,0
0,1,0,10,-10,3,1,3,7,0,54,34,10,0
1,1,9.090909091,9.090909091,0,4,1,4,11,0,124,98,11,0
1,0,14.28571429,0,10,2,1,4,14,0,112,60,7,0
0,0,0,0,0,0,1,4,13,0,78,34,3,0
0,1,0,10,-10,4,1,3,7,0,77,55,10,0
0,1,0,20,-10,2,1,2,4,0,24,8,5,0
1,0,16.66666667,0,10,3,1,3,9,0,61,24,6,0
1,0,16.66666667,0,10,0,2,4,11,0,85,42,6,1
5,0,14.28571429,0,50,15,3,3,8,0,275,132,35,1
4,1,19.04761905,4.761904762,30,4,3,4,12,0,230,125,21,1
0,1,0,8.333333333,-10,7,1,4,8,0,106,90,12,0
0,0,0,0,0,4,1,3,5,0,32,30,7,0
2,1,10.52631579,5.263157895,10,10,1,3,7,0,142,88,19,0
0,0,0,0,0,2,1,3,10,0,81,62,10,0
1,0,25,0,10,1,1,2,6,0,22,12,4,1
0,1,0,20,-10,2,4,2,5,0,17,17,5,0
0,1,0,33.33333333,-10,1,1,1,3,0,5,4,3,0
0,0,0,0,0,2,1,2,4,0,26,15,7,0
0,1,0,11.11111111,-10,5,1,3,10,0,61,38,9,0
1,0,7.692307692,0,10,2,2,3,8,0,78,62,13,1
1,0,6.666666667,0,10,2,2,3,10,0,123,71,15,1
0,0,0,0,0,9,1,4,8,0,168,106,19,1
0,0,0,0,0,3,3,2,5,0,66,33,13,1
1,0,9.090909091,0,10,3,1,3,6,0,75,50,11,0
0,2,0,11.11111111,-20,3,2,3,14,0,170,87,18,0
3,0,11.53846154,0,30,13,1,4,10,0,291,118,26,0
1,1,4,4,0,5,2,3,9,0,209,104,25,0
0,0,0,0,0,0,6,3,10,0,73,44,7,1
1,0,16.66666667,0,10,1,1,4,11,0,75,42,6,1
0,0,0,0,0,3,9,4,9,0,169,82,19,1
0,1,0,4.347826087,-10,7,3,3,8,0,169,75,23,1
1,0,20,0,10,0,2,3,9,0,57,25,5,1
2,0,9.090909091,0,20,4,2,5,12,0,272,173,22,1
1,0,16.66666667,0,10,0,1,3,9,0,69,31,6,1
0,2,0,14.28571429,-20,3,2,3,10,0,120,50,14,0
1,0,9.090909091,0,10,2,2,5,9,0,166,69,11,1
0,1,0,7.692307692,-10,10,1,4,9,0,126,73,13,0
0,1,0,11.11111111,-10,1,1,3,7,0,75,41,9,0
1,2,5.882352941,11.76470588,-10,5,1,4,11,0,186,107,17,0
0,1,0,12.5,-10,2,2,3,9,0,76,41,8,0
0,0,0,0,0,0,1,5,13,0,110,57,5,0
0,2,0,12.5,-20,2,1,4,14,0,232,129,16,0
0,0,0,0,0,5,1,5,12,0,215,111,15,0
1,1,3.333333333,3.333333333,0,12,1,4,13,0,382,194,30,0
1,2,5.555555556,11.11111111,-10,8,1,3,8,0,106,89,18,0
0,1,0,9.090909091,-10,1,1,4,10,0,106,66,11,0
1,0,7.692307692,0,10,4,3,3,7,0,73,40,13,1
0,0,0,0,0,3,1,4,10,0,140,63,11,1
0,5,0,11.11111111,-50,8,6,4,15,0,468,241,45,0
1,1,4.545454545,4.545454545,0,7,7,4,9,0,198,123,22,0
0,1,0,12.5,-10,1,1,4,12,0,123,55,8,0
0,1,0,20,-10,0,1,2,5,0,26,20,5,0
0,1,0,16.66666667,-10,3,1,2,5,0,22,22,6,0
0,1,0,16.66666667,-10,3,1,2,8,0,36,25,6,0
0,1,0,9.090909091,-10,2,2,3,8,0,70,54,11,0
0,1,0,10,-10,5,1,4,11,0,106,67,10,0
0,1,0,25,-10,1,1,2,6,0,24,13,4,0
1,1,3.846153846,3.846153846,0,14,1,3,8,0,188,128,26,0
0,0,0,0,0,11,1,3,11,0,190,85,20,0
1,0,7.692307692,0,10,4,3,2,5,0,58,34,13,0
3,0,15,0,30,6,1,3,10,0,151,87,20,1
5,0,12.19512195,0,50,10,1,5,15,0,613,372,41,1
0,2,0,40,-20,1,1,3,11,0,72,25,5,0
1,1,5,5,0,8,1,5,11,0,266,190,20,0
0,1,0,7.692307692,-10,5,3,3,7,0,87,61,13,0
1,0,16.66666667,0,10,0,2,2,8,0,44,17,6,1
0,3,0,25,-30,4,1,3,13,0,105,65,12,0
0,4,0,30.76923077,-40,3,1,4,9,0,116,72,13,0
0,1,0,25,-10,1,1,3,8,0,28,35,4,0
0,0,0,0,0,2,1,4,17,0,176,82,8,0
0,1,0,25,-10,1,1,3,10,0,59,23,4,0
0,1,0,25,-10,1,1,3,6,0,33,15,4,0
0,1,0,16.66666667,-10,1,1,4,9,0,72,38,6,0
1,0,25,0,10,3,1,2,4,0,15,11,4,1
0,1,0,25,-10,3,1,2,5,0,24,7,4,1
0,1,0,20,-10,3,1,2,5,0,20,7,5,1
0,2,0,28.57142857,-20,3,1,3,7,0,54,35,7,0
0,1,0,8.333333333,-10,5,1,4,14,0,148,90,12,0
0,1,0,12.5,-10,3,1,2,7,0,43,23,8,0
1,0,6.666666667,0,10,1,16,4,8,0,148,84,15,1
2,0,11.11111111,0,20,5,1,4,16,0,278,117,18,1
1,0,4.761904762,0,10,4,1,4,12,0,288,106,21,1
1,2,6.25,12.5,-10,4,1,4,12,0,224,109,16,1
1,0,11.11111111,0,10,2,1,3,10,0,79,40,9,1
2,0,18.18181818,0,20,3,1,3,8,0,69,56,11,1
1,0,3.571428571,0,10,10,1,4,10,0,248,163,28,1
2,0,13.33333333,0,20,1,4,5,16,0,258,152,15,1
2,2,10.52631579,10.52631579,0,2,1,5,13,0,322,192,19,1
3,0,23.07692308,0,30,1,1,4,9,0,154,63,13,1
1,0,12.5,0,10,5,2,3,8,0,51,32,8,1
1,0,12.5,0,10,3,1,4,10,0,118,51,8,1
0,0,0,0,0,7,1,3,7,0,93,55,14,1
0,2,0,7.407407407,-20,4,10,5,12,0,413,232,27,1
2,0,5.714285714,0,20,8,3,4,12,0,358,242,35,1
1,0,5.263157895,0,10,7,9,4,12,0,245,151,19,1
0,0,0,0,0,9,1,2,6,0,67,31,13,0
2,1,9.523809524,4.761904762,10,8,2,3,10,0,166,100,21,0
1,0,12.5,0,10,2,1,3,9,0,50,44,8,1
1,0,11.11111111,0,10,5,1,3,10,0,80,43,9,0
0,1,0,33.33333333,-10,0,1,2,5,0,11,14,3,0
0,0,0,0,0,4,1,3,6,0,56,41,9,0
0,1,0,9.090909091,-10,4,1,3,10,0,101,46,11,0
0,1,0,6.25,-10,5,4,2,7,0,78,46,16,0
1,0,16.66666667,0,10,2,2,4,10,0,100,32,6,0
1,1,8.333333333,8.333333333,0,4,3,2,4,0,43,26,12,0
0,1,0,20,-10,2,1,2,6,0,27,12,5,0
0,1,0,33.33333333,-10,0,1,2,6,0,20,7,3,0
0,1,0,8.333333333,-10,4,3,3,8,0,108,47,12,0
0,1,0,20,-10,0,1,3,10,0,47,30,5,0
0,0,0,0,0,2,1,2,6,0,24,10,6,0
2,0,16.66666667,0,20,4,12,3,8,0,102,52,12,1
1,0,14.28571429,0,10,1,1,3,10,0,62,50,7,1
1,0,5,0,10,12,1,3,9,0,172,109,20,1
3,0,10.34482759,0,30,11,2,3,10,0,212,114,29,1
1,0,9.090909091,0,10,4,1,4,9,0,98,68,11,1
1,0,9.090909091,0,10,2,1,4,11,0,115,82,11,1
2,2,3.225806452,3.225806452,0,29,11,4,11,0,580,319,62,1
4,0,14.28571429,0,40,8,1,3,8,0,176,82,28,1
3,0,21.42857143,0,30,6,12,4,9,0,135,79,14,1
0,0,0,0,0,4,0,2,7,0,55,31,11,1
0,1,0,12.5,-10,3,1,4,9,0,99,46,8,0
0,0,0,0,0,11,1,3,7,0,110,59,17,1
2,0,28.57142857,0,20,2,0,4,11,0,95,50,7,1
1,0,3.846153846,0,10,7,2,4,10,0,305,149,26,1
1,1,9.090909091,9.090909091,0,3,1,3,9,0,104,56,11,1
2,0,13.33333333,0,20,2,2,3,9,0,127,81,15,1
1,1,4,4,0,10,2,4,12,0,270,171,25,0
2,3,4.651162791,6.976744186,-10,15,2,4,12,0,481,350,43,0
3,1,6.25,2.083333333,20,25,2,4,12,0,419,267,48,0
2,1,6.896551724,3.448275862,10,9,4,4,13,0,340,212,29,0
1,1,11.11111111,11.11111111,0,3,1,2,5,0,43,23,9,1
1,0,16.66666667,0,10,1,1,4,12,0,89,40,6,1
2,0,16.66666667,0,20,2,1,4,10,0,156,93,12,1
1,1,5.882352941,5.882352941,0,8,1,3,9,0,117,77,17,1
1,0,14.28571429,0,10,2,1,3,7,0,47,21,7,1
1,2,5,10,-10,6,1,4,9,0,179,107,20,1
2,0,18.18181818,0,20,4,1,4,12,0,140,65,11,1
0,1,0,12.5,-10,2,2,2,6,0,53,16,8,1
1,0,12.5,0,10,3,1,3,8,0,59,31,8,1
1,1,14.28571429,14.28571429,0,1,1,3,9,0,66,34,7,1
1,0,25,0,10,0,1,1,4,0,6,8,4,1
1,0,9.090909091,0,10,3,3,3,7,0,72,34,11,1
2,0,18.18181818,0,20,1,1,3,8,0,65,50,11,1
0,0,0,0,0,1,1,2,6,0,37,19,7,1
1,0,8.333333333,0,10,3,8,2,7,0,55,23,12,1
0,0,0,0,0,6,1,3,10,0,118,59,12,0
0,1,0,7.692307692,-10,2,2,3,8,0,87,60,13,0
0,1,0,20,-10,2,1,3,8,0,34,30,5,0
1,1,3.846153846,3.846153846,0,6,1,4,10,0,220,140,26,0
0,1,0,9.090909091,-10,6,1,3,7,0,77,45,11,0
0,1,0,11.11111111,-10,3,1,3,10,0,55,57,9,0
0,0,0,0,0,5,1,4,10,0,138,64,12,0
1,0,5.263157895,0,10,5,1,4,12,0,231,118,19,0
0,1,0,4.545454545,-10,11,2,3,11,0,160,102,22,0
1,1,6.25,6.25,0,5,1,3,10,0,141,87,16,0
0,1,0,4.347826087,-10,7,3,4,10,0,207,119,23,0
1,0,12.5,0,10,1,2,2,6,0,34,16,8,0
1,0,14.28571429,0,10,1,1,3,6,0,49,25,7,0
0,1,0,9.090909091,-10,5,1,3,8,0,83,24,11,0
1,0,11.11111111,0,10,2,1,2,6,0,46,20,9,1
0,0,0,0,0,3,1,3,11,0,92,58,12,1
1,0,14.28571429,0,10,0,3,3,10,0,70,42,7,1
1,1,25,25,0,0,0,2,6,0,33,6,4,1
1,0,16.66666667,0,10,1,2,2,5,0,22,22,6,1
1,0,14.28571429,0,10,2,1,2,4,0,27,21,7,1
2,2,10,10,0,6,3,3,11,0,171,93,20,0
0,1,0,25,-10,0,1,2,4,0,21,9,4,0
2,0,12.5,0,20,6,1,3,8,0,115,68,16,0
0,1,0,14.28571429,-10,3,1,4,10,0,76,43,7,0
1,1,8.333333333,8.333333333,0,5,1,3,6,0,56,49,12,0
0,1,0,25,-10,1,1,2,8,0,25,17,4,0
0,0,0,0,0,3,1,3,10,0,79,66,13,1
2,0,8.333333333,0,20,8,3,4,10,0,221,118,24,1
0,0,0,0,0,10,2,3,8,0,147,76,21,1
0,0,0,0,0,4,2,2,4,0,30,19,10,1
1,0,3.333333333,0,10,15,1,3,9,0,234,145,30,1
4,0,17.39130435,0,40,12,1,4,10,0,239,155,23,1
1,0,6.666666667,0,10,7,1,4,10,0,160,95,15,1
2,0,10.52631579,0,20,11,1,3,7,0,138,67,19,1
1,2,7.142857143,14.28571429,-10,9,1,4,11,0,185,105,14,1
1,0,12.5,0,10,3,1,4,14,0,154,61,8,1
1,0,20,0,10,0,1,4,10,0,78,34,5,1
2,0,10.52631579,0,20,5,2,4,10,0,232,124,19,1
0,0,0,0,0,3,1,2,7,0,44,32,9,1
4,0,12.90322581,0,40,8,2,3,8,0,187,124,31,1
1,0,6.25,0,10,10,2,4,10,0,186,86,16,0
0,0,0,0,0,3,2,4,10,0,149,82,13,0
0,3,0,16.66666667,-30,9,1,4,11,0,226,114,18,0
0,2,0,25,-20,2,1,4,9,0,92,51,8,0
1,2,7.692307692,15.38461538,-10,7,1,3,6,0,92,46,13,0
1,2,4.166666667,8.333333333,-10,11,1,3,10,0,209,96,24,0
1,2,4.545454545,9.090909091,-10,10,1,3,9,0,151,97,22,0
0,0,0,0,0,8,1,3,8,0,81,52,14,0
6,0,13.95348837,0,60,6,9,4,10,0,372,230,43,1
1,0,7.142857143,0,10,9,2,3,7,0,75,51,14,1
1,0,4,0,10,4,4,3,8,0,170,123,25,1
1,3,3.125,9.375,-20,11,4,4,11,0,322,188,32,0
0,3,0,15,-30,9,2,3,10,0,142,65,20,0
0,3,0,13.63636364,-30,10,1,4,8,0,190,118,22,0
0,0,0,0,0,2,2,2,7,0,60,31,11,0
2,0,11.76470588,0,20,6,1,4,9,0,196,69,17,1
3,0,20,0,30,4,1,5,15,0,238,141,15,1
0,0,0,0,0,3,1,3,9,0,96,44,11,1
1,0,7.142857143,0,10,6,1,3,12,0,122,90,14,1
1,0,6.25,0,10,9,2,3,8,0,130,61,16,1
1,0,5.882352941,0,10,4,2,4,10,0,212,123,17,1
1,0,5.555555556,0,10,6,6,3,9,0,149,98,18,1
4,1,11.42857143,2.857142857,30,7,4,5,16,0,500,284,35,1
4,2,7.272727273,3.636363636,20,14,17,4,11,0,675,301,55,1
1,0,12.5,0,10,3,1,3,9,0,56,31,8,1
2,1,4.545454545,2.272727273,10,18,3,4,13,0,418,250,44,1
1,0,5.882352941,0,10,7,1,3,7,0,91,49,17,1
2,0,6.060606061,0,20,12,6,3,10,0,281,161,33,1
0,0,0,0,0,5,3,3,13,0,146,80,15,0
0,1,0,4.761904762,-10,8,5,3,8,0,170,79,21,0
1,2,5.882352941,11.76470588,-10,2,4,4,13,0,205,127,17,0
1,0,7.692307692,0,10,1,1,5,11,0,189,114,13,1
2,0,15.38461538,0,20,3,3,4,14,0,170,110,13,1
3,0,23.07692308,0,30,1,1,4,11,0,159,67,13,1
1,0,5.882352941,0,10,4,2,3,9,0,134,61,17,1
3,0,13.63636364,0,30,8,2,3,9,0,151,91,22,1
0,0,0,0,0,5,3,3,9,0,105,62,17,1
2,0,16.66666667,0,20,3,1,4,10,0,149,83,12,1
1,0,20,0,10,0,1,2,7,0,33,20,5,1
1,0,25,0,10,0,1,1,5,0,11,8,4,1
0,0,0,0,0,2,1,3,9,0,70,32,6,0
0,0,0,0,0,1,1,3,7,0,71,52,8,1
1,0,10,0,10,2,2,4,9,0,115,48,10,1
1,1,7.692307692,7.692307692,0,4,1,3,8,0,95,55,13,1
1,0,16.66666667,0,10,2,1,2,6,0,33,20,6,1
1,0,10,0,10,4,1,3,9,0,76,49,10,1
1,0,11.11111111,0,10,4,1,3,6,0,54,43,9,1
1,0,7.692307692,0,10,5,1,3,6,0,85,48,13,1
1,0,2.702702703,0,10,11,3,4,13,0,465,272,37,1
0,2,0,15.38461538,-20,4,2,2,6,0,57,36,13,0
0,1,0,20,-10,1,2,3,6,0,35,21,5,0
0,1,0,16.66666667,-10,3,1,2,5,0,20,18,6,0
1,1,6.25,6.25,0,3,6,3,9,0,122,69,16,0
0,0,0,0,0,1,1,2,4,0,17,6,4,0
4,1,6.349206349,1.587301587,30,17,17,4,14,0,719,416,63,1
1,3,2.857142857,8.571428571,-20,10,8,5,28,0,631,407,35,1
0,4,0,25,-40,8,2,4,10,0,178,116,16,0
0,2,0,9.090909091,-20,6,2,3,9,0,195,99,22,0
0,3,0,13.63636364,-30,4,1,4,11,0,238,129,22,0
0,1,0,11.11111111,-10,0,2,3,8,0,70,50,9,0
0,1,0,6.25,-10,8,2,3,12,0,147,74,16,0
3,4,5.263157895,7.01754386,-10,18,3,4,11,0,564,357,57,0
0,1,0,11.11111111,-10,2,1,3,9,0,68,50,9,0
2,3,5.128205128,7.692307692,-10,13,3,3,10,0,273,170,39,0
0,0,0,0,0,11,4,3,9,0,189,121,32,0
2,1,8.333333333,4.166666667,10,10,6,3,10,0,180,99,24,0
1,0,4,0,10,6,8,3,11,0,218,119,25,0
0,0,0,0,0,3,0,3,7,0,80,40,12,0
3,2,8.823529412,5.882352941,10,1,10,4,11,0,366,234,34,1
0,1,0,16.66666667,-10,2,1,4,10,0,98,41,6,1
2,2,6.451612903,6.451612903,0,10,4,5,13,0,470,274,31,0
0,0,0,0,0,8,5,3,8,0,94,36,15,1
1,1,2.702702703,2.702702703,0,15,2,3,11,0,330,173,37,0
2,0,22.22222222,0,20,1,1,3,7,0,53,35,9,1
0,3,0,14.28571429,-30,6,1,4,11,0,214,115,21,0
0,2,0,11.76470588,-20,9,1,3,10,0,105,62,17,0
1,1,7.692307692,7.692307692,0,3,1,3,7,0,61,45,13,1
0,2,0,22.22222222,-20,1,2,4,10,0,103,74,9,0
0,1,0,6.666666667,-10,4,3,4,9,0,131,91,15,0
2,0,9.090909091,0,20,3,4,4,11,0,266,125,22,1
1,1,6.666666667,6.666666667,0,4,1,3,12,0,108,80,15,1
0,1,0,11.11111111,-10,3,1,2,6,0,55,19,9,1
2,0,7.407407407,0,20,10,4,3,8,0,146,89,27,1
1,1,16.66666667,16.66666667,0,2,1,2,4,0,23,10,6,0
0,1,0,11.11111111,-10,2,1,4,14,0,150,78,9,0
0,3,0,21.42857143,-30,2,1,4,10,0,166,69,14,0
1,0,14.28571429,0,10,1,1,2,5,0,31,26,7,0
0,0,0,0,0,1,2,4,9,0,90,44,8,0
0,1,0,5.882352941,-10,9,3,3,12,0,145,84,17,0
0,1,0,6.25,-10,6,2,3,11,0,131,73,16,0
0,0,0,0,0,5,1,4,9,0,129,82,13,0
0,0,0,0,0,6,1,3,7,0,103,51,13,0
0,1,0,4.761904762,-10,8,6,3,12,0,171,97,21,0
0,1,0,4.347826087,-10,9,1,3,8,0,183,76,23,0
0,1,0,8.333333333,-10,2,6,4,14,0,167,93,12,0
0,0,0,0,0,10,3,4,11,0,310,159,25,0
0,1,0,6.25,-10,10,4,3,10,0,111,85,16,0
0,1,0,12.5,-10,2,1,4,8,0,84,46,8,0
0,1,0,9.090909091,-10,4,3,4,10,0,161,41,11,0
0,1,0,10,-10,4,1,4,8,0,103,62,10,0
1,0,10,0,10,4,1,3,9,0,105,53,10,1
2,0,10.52631579,0,20,10,2,3,6,0,113,66,19,1
3,6,6.52173913,13.04347826,-30,5,9,4,16,0,503,295,46,0
0,1,0,16.66666667,-10,1,1,3,6,0,38,24,6,0
1,0,7.692307692,0,10,3,2,3,11,0,114,79,13,0
2,2,10,10,0,7,1,3,11,0,162,100,20,0
1,3,4.761904762,14.28571429,-20,6,1,4,10,0,170,121,21,0
0,3,0,18.75,-30,6,1,3,6,0,84,49,16,0
0,0,0,0,0,5,1,4,8,0,90,71,11,0
1,3,2.272727273,6.818181818,-20,8,6,4,14,0,522,273,44,0
1,1,14.28571429,14.28571429,0,1,1,3,9,0,65,23,7,0
0,2,0,16.66666667,-20,1,1,4,9,0,145,74,12,0
0,1,0,14.28571429,-10,2,1,2,6,0,40,24,7,0
2,0,10,0,20,3,1,4,11,0,234,112,20,0
1,0,3.846153846,0,10,8,10,4,9,0,234,109,26,0
3,0,8.571428571,0,30,16,1,3,9,0,208,126,35,1
1,0,4,0,10,11,3,3,8,0,161,83,25,1
1,0,3.571428571,0,10,18,3,3,9,0,206,125,28,1
1,0,6.25,0,10,5,2,3,7,0,99,56,16,1
0,0,0,0,0,4,2,2,7,0,59,44,13,1
1,0,4.347826087,0,10,11,1,3,9,0,155,118,23,1
0,2,0,8,-20,10,1,4,12,0,299,141,25,0
0,2,0,9.090909091,-20,9,1,3,10,0,173,99,22,0
0,0,0,0,0,10,1,4,14,0,250,122,25,1
1,0,7.692307692,0,10,4,1,4,11,0,122,78,13,1
0,0,0,0,0,3,1,2,6,0,37,27,8,1
0,0,0,0,0,0,1,1,3,0,3,6,3,1
0,1,0,3.703703704,-10,15,1,3,8,0,168,132,27,1
2,1,5.882352941,2.941176471,10,11,9,3,10,0,300,147,34,1
2,0,15.38461538,0,20,3,1,3,8,0,79,56,13,1
3,0,33.33333333,0,30,2,1,4,9,0,106,71,9,1
0,0,0,0,0,5,2,4,9,0,139,92,16,1
0,1,0,8.333333333,-10,5,2,3,6,0,71,34,12,1
0,0,0,0,0,4,1,4,10,0,102,89,11,1
1,0,4.761904762,0,10,7,1,3,7,0,102,60,21,1
2,0,18.18181818,0,20,0,1,4,11,0,120,100,11,1
1,0,11.11111111,0,10,3,1,2,4,0,44,21,9,1
3,0,23.07692308,0,30,2,3,5,14,0,226,115,13,1
0,0,0,0,0,2,2,4,8,0,125,61,12,0
0,1,0,8.333333333,-10,4,2,3,7,0,89,53,12,0
0,2,0,13.33333333,-20,4,3,3,8,0,92,54,15,0
1,1,11.11111111,11.11111111,0,4,1,3,10,0,94,31,9,0
0,1,0,4.761904762,-10,4,1,4,9,0,207,103,21,0
0,2,0,10,-20,6,1,4,13,0,244,131,20,0
1,0,20,0,10,1,1,2,4,0,18,11,5,1
1,0,14.28571429,0,10,0,1,3,8,0,63,20,7,1
0,1,0,6.25,-10,7,2,3,10,0,125,73,16,0
0,2,0,14.28571429,-20,4,2,3,13,0,149,75,14,0
0,1,0,14.28571429,-10,2,1,3,10,0,66,26,7,0
0,2,0,9.090909091,-20,11,1,4,10,0,190,113,22,0
0,4,0,16,-40,9,4,3,10,0,215,115,25,0
0,2,0,11.76470588,-20,4,5,3,8,0,128,82,17,0
0,1,0,11.11111111,-10,2,4,3,7,0,52,35,9,0
0,0,0,0,0,1,1,3,7,0,59,38,8,0
0,1,0,6.666666667,-10,6,1,4,8,0,179,72,15,0
0,1,0,4.166666667,-10,10,22,3,8,0,145,77,24,0
0,3,0,13.04347826,-30,3,11,3,11,0,192,129,23,0
1,1,3.125,3.125,0,8,5,4,12,0,435,209,32,0
0,1,0,10,-10,2,2,5,15,0,174,91,10,0
0,3,0,20,-30,4,1,4,12,0,225,110,15,0
1,1,3.333333333,3.333333333,0,9,1,3,9,0,199,129,30,0
0,0,0,0,0,2,1,4,11,0,118,58,9,0
0,1,0,10,-10,3,0,4,14,0,133,88,10,0
0,1,0,8.333333333,-10,5,0,3,8,0,80,44,12,0
1,0,20,0,10,2,0,2,5,0,23,14,5,1
0,1,0,6.25,-10,1,0,4,11,0,212,112,16,1
3,0,15,0,30,5,0,3,8,0,150,84,20,1
0,1,0,10,-10,2,0,3,8,0,59,57,10,0
1,1,6.666666667,6.666666667,0,3,0,4,11,0,153,102,15,0
0,1,0,4,-10,4,0,4,8,0,233,119,25,0
0,2,0,10.52631579,-20,5,0,4,9,0,169,92,19,0
0,1,0,16.66666667,-10,2,0,2,5,0,22,19,6,0
1,0,11.11111111,0,10,2,0,3,7,0,49,42,9,0
2,0,16.66666667,0,20,3,15,4,9,0,146,84,12,1
2,1,7.692307692,3.846153846,10,12,13,5,15,0,381,208,26,1
0,0,0,0,0,11,2,4,15,0,332,182,33,1
1,0,4.761904762,0,10,3,2,4,8,0,175,101,21,1
2,1,10.52631579,5.263157895,10,1,4,4,12,0,239,138,19,1
3,0,16.66666667,0,30,0,2,4,19,0,314,118,18,1
0,5,0,22.72727273,-50,4,2,4,12,0,303,163,22,0
4,2,15.38461538,7.692307692,20,13,1,4,12,0,305,169,26,0
1,0,10,0,10,1,3,3,11,0,84,64,10,1
3,0,12,0,30,5,12,4,16,0,320,205,25,1
1,0,8.333333333,0,10,4,1,4,9,0,104,78,12,0
0,1,0,9.090909091,-10,5,1,2,4,0,47,27,11,0
0,1,0,20,-10,1,1,3,11,0,64,21,5,0
1,3,5,15,-20,6,1,2,7,0,91,62,20,0
3,2,15,10,10,1,3,3,9,0,126,82,20,0
0,1,0,16.66666667,-10,2,1,2,7,0,31,13,6,0
0,1,0,6.25,-10,7,1,3,9,0,129,75,16,0
1,1,5.882352941,5.882352941,0,7,1,4,13,0,231,91,17,0
0,2,0,25,-20,1,1,2,6,0,47,21,8,0
1,1,3.125,3.125,0,11,1,4,15,0,372,214,32,0
1,2,4.761904762,9.523809524,-10,5,4,4,14,0,266,133,21,0
0,2,0,25,-20,1,1,3,8,0,68,37,8,0
0,1,0,20,-10,1,1,3,8,0,43,17,5,0
0,2,0,28.57142857,-20,1,1,3,5,0,46,21,7,0
0,2,0,15.38461538,-20,7,1,3,13,0,131,73,13,0
3,0,21.42857143,0,30,3,1,4,10,0,154,75,14,0
0,1,0,16.66666667,-10,2,6,3,7,0,50,30,6,0
1,0,5,0,10,3,6,4,9,0,185,127,20,0
0,2,0,14.28571429,-20,5,2,3,11,0,100,51,14,0
4,1,17.39130435,4.347826087,30,6,3,4,8,0,244,141,23,1
1,0,11.11111111,0,10,3,1,4,9,0,96,58,9,1
1,3,4.545454545,13.63636364,-20,6,3,4,10,0,181,124,22,0
1,0,33.33333333,0,10,1,1,3,11,0,47,25,3,0
1,2,5.263157895,10.52631579,-10,7,1,4,10,0,172,115,19,0
1,1,7.692307692,7.692307692,0,5,1,3,8,0,104,57,13,0
2,3,5.714285714,8.571428571,-10,16,1,4,12,0,439,216,35,0
1,2,3.703703704,7.407407407,-10,10,4,4,12,0,322,169,27,0
2,1,6.451612903,3.225806452,10,10,4,4,14,0,283,157,31,1
1,0,5.263157895,0,10,8,1,4,11,0,179,100,19,0
0,1,0,14.28571429,-10,3,1,4,9,0,81,35,7,0
1,0,4.545454545,0,10,11,1,4,9,0,214,106,22,0
2,0,12.5,0,20,5,1,4,8,0,137,92,16,0
1,0,20,0,10,1,1,4,9,0,59,38,5,0
1,1,5.555555556,5.555555556,0,9,1,3,10,0,138,95,18,0
0,1,0,16.66666667,-10,1,1,4,11,0,88,57,6,0
1,0,33.33333333,0,10,1,1,3,11,0,47,25,3,0
0,1,0,7.692307692,-10,4,1,3,8,0,65,49,13,0
0,1,0,7.142857143,-10,6,1,3,5,0,63,51,14,0
1,0,3.125,0,10,12,1,3,11,0,251,130,32,0
0,3,0,23.07692308,-30,5,1,3,7,0,87,56,13,0
0,0,0,0,0,2,1,3,7,0,67,50,10,0
1,1,7.692307692,7.692307692,0,5,2,3,9,0,91,44,13,0
2,0,6.896551724,0,20,9,6,3,9,0,222,114,29,1
1,1,4.761904762,4.761904762,0,6,3,4,10,0,214,118,21,1
1,1,4.545454545,4.545454545,0,6,3,3,8,0,168,108,22,1
1,1,5,5,0,5,1,4,9,0,195,122,20,1
1,1,5.882352941,5.882352941,0,6,1,4,11,0,172,100,17,1
2,0,15.38461538,0,20,2,1,4,9,0,124,88,13,1
1,4,4.545454545,18.18181818,-30,12,1,4,11,0,214,104,22,0
2,1,5.555555556,2.777777778,10,9,8,3,7,0,223,138,36,0
2,0,11.76470588,0,20,2,1,3,11,0,152,95,17,1
0,2,0,18.18181818,-20,5,1,3,9,0,102,53,11,0
0,1,0,7.692307692,-10,4,2,3,7,0,67,50,13,0
0,1,0,4.545454545,-10,12,3,3,7,0,139,96,22,0
1,3,7.692307692,23.07692308,-20,5,1,4,12,0,126,88,13,0
0,2,0,10,-20,5,4,4,10,0,172,126,20,0
0,1,0,14.28571429,-10,1,1,2,5,0,39,20,7,0
0,1,0,25,-10,0,1,3,7,0,34,14,4,0
0,1,0,14.28571429,-10,1,1,4,10,0,90,39,7,0
1,2,8.333333333,16.66666667,-10,6,1,3,9,0,104,54,12,0
0,2,0,20,-20,4,1,5,14,0,161,78,10,0
1,0,11.11111111,0,10,3,3,3,7,0,58,37,9,1
1,0,2.941176471,0,10,13,2,3,11,0,275,162,34,1
0,0,0,0,0,0,1,1,5,0,16,5,4,1
0,1,0,25,-10,0,1,3,8,0,41,15,4,0
0,1,0,33.33333333,-10,1,4,2,5,0,21,4,3,1
0,0,0,0,0,4,1,2,6,0,35,12,8,0
1,0,9.090909091,0,10,3,1,4,11,0,127,65,11,1
3,0,18.75,0,30,2,1,4,10,0,187,67,16,1
0,1,0,25,-10,0,1,2,5,0,23,5,4,1
2,6,2.777777778,8.333333333,-40,19,3,5,14,0,1092,598,72,1
4,2,8.333333333,4.166666667,20,14,3,5,13,0,698,374,48,1
5,0,14.28571429,0,50,7,1,4,13,0,392,279,35,1
4,0,13.79310345,0,40,13,2,4,13,0,355,222,29,1
0,1,0,5.555555556,-10,5,1,4,12,0,196,130,18,0
0,1,0,12.5,-10,4,1,3,10,0,87,33,8,0
0,0,0,0,0,1,1,2,5,0,27,12,5,0
1,0,7.142857143,0,10,6,2,3,9,0,92,41,14,1
1,0,6.25,0,10,3,4,4,9,0,152,93,16,1
2,0,14.28571429,0,20,4,4,4,9,0,175,101,14,1
1,0,3.448275862,0,10,9,4,3,9,0,226,105,29,1
1,0,5.882352941,0,10,8,3,3,8,0,139,68,17,1
0,0,0,0,0,4,1,2,4,0,39,16,9,1
2,1,8.695652174,4.347826087,10,9,5,3,9,0,169,85,23,0
0,1,0,5,-10,7,1,4,11,0,221,118,20,0
2,2,7.142857143,7.142857143,0,5,2,5,12,0,409,184,28,1
3,2,8.333333333,5.555555556,10,6,4,4,11,0,396,179,36,1
3,0,27.27272727,0,30,2,1,5,12,0,173,82,11,1
2,0,9.523809524,0,20,7,1,3,11,0,180,79,21,1
2,0,16.66666667,0,20,2,4,4,11,0,176,75,12,1
1,0,16.66666667,0,10,1,1,4,12,0,100,56,6,1
1,0,8.333333333,0,10,3,1,2,6,0,76,19,12,1
1,1,6.25,6.25,0,4,1,3,8,0,142,71,16,1
1,0,12.5,0,10,1,1,3,12,0,86,50,8,1
1,0,25,0,10,0,1,3,7,0,41,16,4,1
0,1,0,7.692307692,-10,4,1,4,14,0,173,75,13,0
0,2,0,5.714285714,-20,11,2,3,11,0,302,180,35,0
1,0,11.11111111,0,10,3,1,3,6,0,61,39,9,0
2,0,9.523809524,0,20,7,3,4,10,0,251,145,21,1
1,0,3.125,0,10,10,6,4,14,0,313,215,32,1
1,0,11.11111111,0,10,4,1,6,26,0,339,147,9,1
2,0,9.090909091,0,20,4,2,4,10,0,213,112,22,1
1,2,7.692307692,15.38461538,-10,3,1,4,9,0,142,67,13,1
1,0,33.33333333,0,10,0,1,5,11,0,73,38,3,1
1,0,14.28571429,0,10,1,1,3,6,0,55,33,7,1
1,0,16.66666667,0,10,0,1,4,11,0,100,42,6,1
1,0,8.333333333,0,10,3,3,3,10,0,112,71,12,1
1,2,2.941176471,5.882352941,-10,13,4,4,11,0,294,177,34,1
2,3,5.882352941,8.823529412,-10,7,3,4,9,0,292,163,34,1
1,2,7.142857143,14.28571429,-10,5,2,3,11,0,108,65,14,1
6,0,24,0,60,6,8,4,11,0,332,149,25,1
5,0,16.66666667,0,50,9,1,4,9,0,293,183,30,1
1,1,5.882352941,5.882352941,0,3,4,4,8,0,156,95,17,1
6,0,15,0,60,10,8,4,14,0,496,312,40,1
0,1,0,4.761904762,-10,5,1,4,11,0,189,152,21,0
1,0,5.263157895,0,10,9,2,4,9,0,192,79,19,0
1,0,4.166666667,0,10,8,3,4,12,0,259,146,24,1
1,0,20,0,10,2,1,1,4,0,13,9,5,0
0,0,0,0,0,3,1,4,11,0,153,61,11,0
0,0,0,0,0,3,1,3,7,0,56,24,8,0
1,0,16.66666667,0,10,2,1,2,8,0,40,25,6,1
0,0,0,0,0,0,1,3,9,0,55,23,5,1
2,3,5.263157895,7.894736842,-10,10,1,4,12,0,484,274,38,1
0,0,0,0,0,3,1,3,11,0,80,45,8,1
0,1,0,3.225806452,-10,8,2,4,9,0,279,150,31,1
0,0,0,0,0,0,2,4,9,0,73,50,6,1
1,0,20,0,10,0,1,3,8,0,41,42,5,1
0,0,0,0,0,0,10,1,3,0,9,9,5,1
1,0,16.66666667,0,10,2,1,3,9,0,52,19,6,1
0,0,0,0,0,2,1,4,9,0,56,47,6,1
2,0,18.18181818,0,20,4,1,3,7,0,57,36,11,1
0,1,0,3.846153846,-10,11,2,3,8,0,173,95,26,1
1,0,7.692307692,0,10,2,2,4,13,0,149,91,13,1
2,0,25,0,20,0,1,2,8,0,47,29,8,1
1,0,5.555555556,0,10,5,2,4,13,0,237,164,18,1
1,1,2.564102564,2.564102564,0,20,3,4,13,0,372,260,39,0
1,0,14.28571429,0,10,2,1,2,5,0,29,25,7,1
0,0,0,0,0,2,0,2,5,0,23,7,6,1
1,2,4.761904762,9.523809524,-10,7,1,3,11,0,143,131,21,0
1,1,8.333333333,8.333333333,0,3,1,3,8,0,104,44,12,0
1,0,11.11111111,0,10,1,2,3,10,0,96,57,9,1
1,1,5,5,0,3,4,4,11,0,225,134,20,1
1,0,10,0,10,6,3,3,10,0,97,48,10,1
0,0,0,0,0,4,1,2,6,0,26,30,9,1
0,1,0,20,-10,2,1,2,6,0,25,15,5,1
2,0,50,0,20,0,2,3,11,0,64,26,4,1
1,1,9.090909091,9.090909091,0,3,2,2,8,0,63,30,11,0
0,5,0,41.66666667,-50,1,1,5,11,0,154,122,12,0
0,1,0,10,-10,2,1,2,10,0,61,36,10,0
0,1,0,5.555555556,-10,5,2,3,11,0,156,92,18,0
0,1,0,6.666666667,-10,2,1,3,10,0,126,83,15,0
0,1,0,20,-10,2,1,2,5,0,19,11,5,0
0,1,0,5.555555556,-10,6,1,3,9,0,144,83,18,0
1,1,14.28571429,14.28571429,0,1,1,2,7,0,42,24,7,0
0,0,0,0,0,4,6,3,6,0,44,27,7,0
0,1,0,11.11111111,-10,5,1,2,5,0,43,21,9,0
1,0,4.347826087,0,10,12,1,3,8,0,192,78,23,0
0,2,0,11.76470588,-20,8,1,4,12,0,167,116,17,0
0,1,0,6.25,-10,9,2,3,12,0,136,84,16,0
1,2,4,8,-10,9,2,3,8,0,190,107,25,0
0,1,0,11.11111111,-10,3,1,3,12,0,83,72,9,0
1,1,10,10,0,3,1,3,8,0,53,39,10,0
2,0,8.695652174,0,20,5,5,4,11,0,300,114,23,1
1,0,5.555555556,0,10,7,5,4,11,0,225,110,18,1
2,0,14.28571429,0,20,5,1,4,12,0,151,100,14,1
0,1,0,5,-10,7,7,3,15,0,182,99,20,0
0,1,0,10,-10,4,1,3,10,0,86,45,10,0
1,0,12.5,0,10,2,1,3,7,0,50,45,8,0
1,2,5.555555556,11.11111111,-10,7,2,3,5,0,87,55,18,0
0,0,0,0,0,4,9,3,7,0,85,70,12,0
0,2,0,16.66666667,-20,4,2,4,11,0,155,70,12,0
0,3,0,12.5,-30,11,2,4,13,0,242,144,24,0
1,0,8.333333333,0,10,2,1,5,23,0,379,187,12,0
0,1,0,11.11111111,-10,1,1,3,6,0,57,26,9,0
1,1,8.333333333,8.333333333,0,4,1,3,9,0,106,49,12,0
0,0,0,0,0,0,1,3,5,0,21,24,4,0
0,1,0,14.28571429,-10,3,1,3,7,0,43,25,7,0
1,0,16.66666667,0,10,2,1,3,9,0,53,24,6,1
1,0,12.5,0,10,1,1,3,8,0,76,39,8,1
1,0,9.090909091,0,10,3,1,3,9,0,89,57,11,1
2,0,25,0,20,2,0,3,8,0,68,42,8,1
3,2,17.64705882,11.76470588,10,5,1,4,8,0,155,91,17,1
3,0,37.5,0,30,0,0,3,9,0,69,33,8,1
0,0,0,0,0,6,1,3,7,0,121,70,15,1
0,0,0,0,0,10,5,3,9,0,160,114,24,1
0,0,0,0,0,1,1,3,7,0,32,17,4,0
0,0,0,0,0,4,1,3,6,0,39,32,8,0
0,0,0,0,0,5,1,3,6,0,97,60,14,0
1,1,4.761904762,4.761904762,0,6,1,4,13,0,244,112,21,0
0,0,0,0,0,5,2,3,5,0,61,23,10,0
1,0,10,0,10,2,2,2,9,0,66,26,10,1
4,1,14.81481481,3.703703704,30,9,5,4,9,0,247,133,27,1
4,0,36.36363636,0,40,1,1,4,13,0,104,85,11,1
1,3,2.173913043,6.52173913,-20,17,2,4,11,0,467,253,46,1
1,0,5,0,10,7,2,4,10,0,235,95,20,1
1,0,10,0,10,4,2,3,9,0,74,59,10,1
4,0,17.39130435,0,40,6,10,4,9,0,233,119,23,1
2,0,11.76470588,0,20,1,2,4,10,0,176,103,17,1
0,0,0,0,0,4,3,4,13,0,174,107,17,1
2,0,16.66666667,0,20,4,2,4,15,0,157,99,12,1
0,1,0,11.11111111,-10,3,1,3,10,0,94,49,9,0
1,0,12.5,0,10,2,2,3,7,0,68,28,8,1
2,0,25,0,20,3,2,3,8,0,68,27,8,1
2,0,20,0,20,2,1,4,9,0,127,51,10,1
3,2,9.090909091,6.060606061,10,11,1,3,10,0,270,131,33,1
1,0,10,0,10,2,1,2,6,0,52,26,10,1
1,0,5.555555556,0,10,5,3,4,11,0,167,130,18,1
1,0,7.692307692,0,10,7,2,3,9,0,98,47,13,1
1,0,25,0,10,0,1,2,8,0,27,25,4,1
1,1,12.5,12.5,0,3,1,3,10,0,81,39,8,0
6,0,16.66666667,0,60,4,3,5,13,0,501,277,36,1
2,1,13.33333333,6.666666667,10,2,1,4,11,0,154,71,15,1
1,0,9.090909091,0,10,5,1,3,11,0,113,60,11,1
2,0,10,0,20,7,3,3,10,0,194,87,20,1
0,0,0,0,0,2,1,3,9,0,45,38,6,1
0,1,0,4.545454545,-10,9,2,4,10,0,239,140,22,1
0,1,0,20,-10,2,1,2,6,0,26,10,5,0
1,2,5,10,-10,6,1,3,8,0,139,53,20,0
1,0,4.761904762,0,10,9,2,3,9,0,144,81,21,1
2,0,22.22222222,0,20,0,1,3,7,0,83,40,9,1
2,0,15.38461538,0,20,3,2,4,8,0,124,64,13,1
2,2,5.714285714,5.714285714,0,13,5,4,11,0,376,218,35,1
0,0,0,0,0,7,1,3,8,0,149,125,23,1
1,0,4.166666667,0,10,9,1,4,11,0,232,146,24,1
1,0,6.666666667,0,10,2,4,3,8,0,105,54,15,1
0,0,0,0,0,5,1,3,6,0,39,28,6,1
0,0,0,0,0,4,1,2,4,0,29,13,6,0
0,0,0,0,0,2,1,3,11,0,66,41,9,0
1,0,9.090909091,0,10,3,1,3,6,0,74,27,11,0
2,0,25,0,20,5,1,3,8,0,67,37,8,0
0,2,0,11.11111111,-20,7,1,4,10,0,178,91,18,0
1,0,9.090909091,0,10,6,2,3,9,0,76,49,11,0
1,0,4.761904762,0,10,5,6,2,9,0,114,43,21,1
2,3,4.347826087,6.52173913,-10,18,7,4,11,0,383,229,46,1
1,0,16.66666667,0,10,3,1,2,7,0,26,33,6,1
1,1,12.5,12.5,0,2,1,2,6,0,45,19,8,1
1,1,5.882352941,5.882352941,0,6,2,3,6,0,103,71,17,1
0,1,0,10,-10,4,1,2,5,0,40,31,10,1
0,0,0,0,0,0,0,10,10,0,55,0,0,1
1,0,16.66666667,0,10,2,1,3,13,0,78,39,6,1
0,1,0,5.882352941,-10,2,2,4,11,0,240,120,17,1
1,2,3.571428571,7.142857143,-10,11,1,4,11,0,344,166,28,1
2,0,12.5,0,20,4,2,4,13,0,175,122,16,1
2,0,12.5,0,20,3,4,4,11,0,163,100,16,1
0,1,0,14.28571429,-10,1,1,3,11,0,64,36,7,1
1,0,6.25,0,10,11,1,3,7,0,92,48,16,1
1,0,16.66666667,0,10,3,1,3,7,0,33,32,6,1
2,0,10.52631579,0,20,5,1,5,13,0,370,189,19,1
2,0,9.523809524,0,20,8,5,3,9,0,151,90,21,1
0,2,0,8,-20,9,4,4,10,0,273,130,25,0
1,1,10,10,0,2,1,4,15,0,132,99,10,0
0,0,0,0,0,1,4,2,5,0,27,12,5,0
0,1,0,7.692307692,-10,3,5,3,8,0,80,52,13,0
2,3,3.703703704,5.555555556,-10,17,5,3,8,0,393,219,54,0
1,4,1.923076923,7.692307692,-30,15,5,4,10,0,508,261,52,0
1,1,8.333333333,8.333333333,0,5,1,3,7,0,64,43,12,0
0,1,0,14.28571429,-10,4,1,2,6,0,33,24,7,0
1,0,8.333333333,0,10,7,2,3,10,0,111,69,12,1
1,1,2.702702703,2.702702703,0,13,7,4,11,0,332,179,37,1
1,0,10,0,10,2,2,4,14,0,150,65,10,1
1,1,6.25,6.25,0,8,1,3,8,0,115,70,16,1
0,0,0,0,0,3,1,4,9,0,103,35,8,1
4,0,13.79310345,0,40,12,5,5,11,0,361,232,29,1
1,0,4.166666667,0,10,7,2,4,11,0,229,111,24,1
2,0,5.714285714,0,20,10,5,4,13,0,327,215,35,1
0,0,0,0,0,2,1,4,11,0,126,71,9,1
1,1,8.333333333,8.333333333,0,4,1,4,9,0,127,63,12,1
0,0,0,0,0,7,1,3,7,0,96,66,15,1
1,0,8.333333333,0,10,4,1,3,6,0,88,32,12,1
4,1,10.25641026,2.564102564,30,12,3,5,12,0,487,276,39,1
2,1,8.333333333,4.166666667,10,1,4,4,14,0,331,178,24,1
1,0,16.66666667,0,10,0,2,2,10,0,42,33,6,1
0,0,0,0,0,2,2,3,11,0,77,64,13,1
0,2,0,18.18181818,-20,3,1,3,8,0,80,39,11,1
2,3,5.714285714,8.571428571,-10,13,4,3,11,0,265,127,35,1
2,1,6.666666667,3.333333333,10,9,2,4,10,0,351,168,30,1
4,3,9.756097561,7.317073171,10,14,1,4,17,0,529,251,41,1
3,0,17.64705882,0,30,3,1,4,7,0,148,73,17,1
3,0,9.375,0,30,9,3,4,11,0,285,170,32,1
1,0,16.66666667,0,10,1,10,2,8,0,41,19,6,1
1,0,3.448275862,0,10,10,1,3,10,0,197,138,29,1
0,0,0,0,0,3,1,2,5,0,29,17,7,1
3,1,9.375,3.125,20,15,6,4,10,0,284,178,32,1
0,1,0,4.761904762,-10,5,3,5,17,0,401,188,21,1
0,1,0,7.692307692,-10,3,2,4,12,0,148,78,13,0
0,1,0,25,-10,1,1,2,4,0,24,6,4,0
1,1,3.571428571,3.571428571,0,10,1,4,9,0,232,152,28,0
0,1,0,16.66666667,-10,2,1,2,5,0,30,20,6,0
0,1,0,6.666666667,-10,4,3,3,10,0,112,67,15,0
1,0,2.941176471,0,10,12,4,3,12,0,260,160,34,0
0,1,0,8.333333333,-10,6,1,2,5,0,59,33,12,0
0,1,0,9.090909091,-10,3,1,2,6,0,59,23,11,0
2,0,14.28571429,0,20,8,1,3,8,0,107,67,14,1
0,1,0,3.448275862,-10,8,2,5,12,0,396,210,29,1
4,0,25,0,40,3,2,4,10,0,191,101,16,1
1,0,6.25,0,10,7,2,2,6,0,69,42,16,1
1,0,11.11111111,0,10,0,5,4,9,0,104,56,9,1
1,3,3.571428571,10.71428571,-20,8,28,3,9,0,241,136,28,0
0,0,0,0,0,2,1,2,6,0,41,17,7,0
1,1,11.11111111,11.11111111,0,0,3,2,5,0,32,29,9,0
0,1,0,7.692307692,-10,7,1,4,9,0,104,76,13,0
0,1,0,20,-10,1,1,3,9,0,35,55,5,0
0,1,0,16.66666667,-10,1,1,3,7,0,57,22,6,0
0,1,0,33.33333333,-10,1,1,4,10,0,61,15,3,0
1,2,3.846153846,7.692307692,-10,8,1,4,10,0,277,169,26,0
1,2,2.941176471,5.882352941,-10,13,2,4,11,0,420,184,34,0
0,3,0,27.27272727,-30,1,1,3,9,0,94,48,11,0
0,1,0,12.5,-10,3,1,3,6,0,60,29,8,0
2,1,18.18181818,9.090909091,10,2,1,3,7,0,85,34,11,1
1,1,6.25,6.25,0,4,2,2,5,0,66,47,16,1
1,1,3.333333333,3.333333333,0,8,1,4,12,0,322,185,30,1
4,2,15.38461538,7.692307692,20,8,1,5,15,0,413,266,26,1
0,0,0,0,0,1,1,3,9,0,56,27,6,1
3,0,13.63636364,0,30,1,5,4,10,0,217,136,22,1
1,0,6.666666667,0,10,4,1,3,9,0,143,70,15,1
1,0,10,0,10,1,1,4,11,0,141,78,10,1
3,0,10.34482759,0,30,12,1,5,11,0,377,240,29,1
1,0,33.33333333,0,10,0,1,2,5,0,12,18,3,1
0,1,0,12.5,-10,2,1,3,6,0,50,28,8,0
1,0,2.380952381,0,10,8,4,3,9,0,346,169,42,0
0,1,0,20,-10,2,1,2,6,0,32,13,5,0
0,2,0,33.33333333,-20,1,1,4,12,0,89,40,6,0
1,0,6.666666667,0,10,6,1,4,10,0,174,81,15,0
0,2,0,16.66666667,-20,3,3,4,10,0,150,76,12,0
0,2,0,22.22222222,-20,4,1,2,4,0,44,18,9,0
0,1,0,16.66666667,-10,2,1,3,7,0,46,23,6,0
0,0,0,0,0,4,1,3,5,0,55,47,10,0
1,0,9.090909091,0,10,4,2,3,10,0,86,51,11,1
2,0,40,0,20,1,1,3,7,0,47,23,5,1
0,1,0,16.66666667,-10,0,2,3,6,0,43,24,6,0
0,3,0,11.53846154,-30,8,2,3,8,0,152,100,26,0
0,2,0,22.22222222,-20,2,1,3,10,0,72,51,9,0
0,7,0,29.16666667,-70,8,3,4,9,0,254,106,24,0
1,2,6.25,12.5,-10,4,1,4,15,0,241,130,16,0
1,1,4.761904762,4.761904762,0,7,2,4,10,0,183,113,21,0
0,1,0,11.11111111,-10,2,1,4,9,0,93,83,9,0
0,0,0,0,0,2,1,2,5,0,37,14,7,0
0,3,0,14.28571429,-30,7,2,4,12,0,196,121,21,0
0,0,0,0,0,3,1,2,5,0,42,17,7,0
0,1,0,8.333333333,-10,4,3,3,8,0,81,46,12,0
3,1,11.11111111,3.703703704,20,7,7,5,12,0,341,210,27,0
0,1,0,11.11111111,-10,2,2,2,7,0,47,38,9,0
0,3,0,13.04347826,-30,7,2,4,10,0,211,110,23,0
3,3,15.78947368,15.78947368,0,3,3,3,7,0,139,65,19,0
1,3,5.882352941,17.64705882,-20,5,6,4,11,0,196,95,17,0
1,2,7.142857143,14.28571429,-10,2,1,4,8,0,115,87,14,0
1,0,5.882352941,0,10,3,3,3,10,0,139,75,17,0
2,0,11.76470588,0,20,5,1,4,12,0,182,100,17,1
1,0,10,0,10,1,3,4,16,0,155,77,10,1
1,1,3.225806452,3.225806452,0,8,4,4,9,0,291,200,31,1
0,1,0,11.11111111,-10,3,1,3,9,0,69,49,9,0
0,1,0,10,-10,5,1,3,8,0,67,50,10,0
0,2,0,15.38461538,-20,3,1,4,11,0,180,79,13,0
2,0,13.33333333,0,20,6,1,3,7,0,107,58,15,1
1,1,8.333333333,8.333333333,0,3,2,3,9,0,97,42,12,0
0,0,0,0,0,5,2,3,15,0,124,73,11,0
0,3,0,17.64705882,-30,4,1,4,16,0,238,135,17,0
0,1,0,33.33333333,-10,0,1,1,5,0,11,7,3,0
0,2,0,11.11111111,-20,8,5,3,7,0,108,73,18,0
0,1,0,4.761904762,-10,7,1,3,10,0,152,97,21,0
1,2,9.090909091,18.18181818,-10,5,1,3,6,0,85,43,11,0
0,0,0,0,0,3,1,3,12,0,62,35,5,0
1,2,5,10,-10,3,1,3,8,0,178,83,20,0
0,0,0,0,0,9,20,3,7,0,114,81,21,0
1,0,6.666666667,0,10,6,4,3,10,0,105,52,15,1
1,0,6.666666667,0,10,3,1,3,9,0,134,70,15,1
1,0,25,0,10,0,1,3,9,0,53,17,4,1
1,0,3.571428571,0,10,9,3,3,9,0,206,109,28,1
1,1,10,10,0,3,2,3,7,0,62,47,10,0
1,1,7.692307692,7.692307692,0,2,1,4,15,0,185,115,13,0
0,0,0,0,0,1,1,4,11,0,82,46,7,0
1,0,5.263157895,0,10,6,1,4,13,0,215,137,19,1
1,0,10,0,10,5,1,4,11,0,94,68,10,0
0,3,0,37.5,-30,0,1,3,10,0,84,31,8,0
0,1,0,33.33333333,-10,0,1,2,6,0,26,10,3,0
1,0,20,0,10,2,1,2,5,0,25,9,5,0
2,2,18.18181818,18.18181818,0,0,3,3,8,0,90,50,11,1
1,0,6.25,0,10,6,1,3,11,0,110,67,16,1
2,1,7.692307692,3.846153846,10,5,3,4,13,0,323,193,26,1
1,0,4,0,10,8,4,3,10,0,187,130,25,1
0,0,0,0,0,2,1,2,5,0,25,21,6,1
3,0,7.692307692,0,30,12,4,4,11,0,454,259,39,1
1,0,4.761904762,0,10,6,7,4,9,0,238,139,21,1
1,1,3.846153846,3.846153846,0,6,10,4,11,0,281,163,26,1
2,0,9.090909091,0,20,6,2,4,10,0,222,139,22,1
3,1,21.42857143,7.142857143,20,3,1,5,11,0,203,114,14,1
1,0,5.263157895,0,10,6,2,3,10,0,152,97,19,1
3,0,21.42857143,0,30,7,1,3,8,0,78,49,14,1
1,0,10,0,10,4,1,4,17,0,145,91,10,1
1,0,8.333333333,0,10,4,1,4,10,0,147,81,12,1
1,1,9.090909091,9.090909091,0,2,1,3,8,0,84,35,11,1
2,0,15.38461538,0,20,4,2,4,8,0,99,78,13,1
0,0,0,0,0,3,1,3,9,0,99,47,15,1
0,0,0,0,0,0,1,1,4,0,11,5,4,1
1,0,3.03030303,0,10,14,4,4,10,0,302,155,33,1
0,0,0,0,0,10,2,3,8,0,216,120,26,1
1,0,33.33333333,0,10,0,1,4,10,0,40,36,3,1
4,0,14.28571429,0,40,9,4,4,11,0,304,198,28,1
1,0,11.11111111,0,10,2,1,2,5,0,47,28,9,1
1,0,33.33333333,0,10,0,1,3,9,0,41,25,3,1
0,1,0,3.846153846,-10,8,3,4,10,0,252,127,26,1
5,0,29.41176471,0,50,3,1,3,10,0,160,88,17,1
1,0,5.882352941,0,10,5,1,4,10,0,176,86,17,1
1,0,5.263157895,0,10,9,4,4,10,0,158,108,19,0
1,3,3.03030303,9.090909091,-20,15,2,4,10,0,285,162,33,0
0,1,0,11.11111111,-10,2,1,3,6,0,53,39,9,0
1,0,8.333333333,0,10,4,1,3,6,0,66,33,12,1
0,0,0,0,0,6,1,4,10,0,223,101,19,1
1,0,25,0,10,0,1,2,7,0,19,13,4,1
1,0,14.28571429,0,10,2,1,3,11,0,71,40,7,1
1,0,8.333333333,0,10,4,3,4,12,0,164,66,12,1
2,0,13.33333333,0,20,3,1,6,11,0,290,158,15,1
1,1,9.090909091,9.090909091,0,4,1,4,9,0,129,83,11,1
0,0,0,0,0,2,1,3,8,0,61,56,9,1
1,0,5.882352941,0,10,3,3,5,13,0,301,183,17,1
1,0,9.090909091,0,10,4,1,4,10,0,143,77,11,1
0,0,0,0,0,3,1,5,12,0,218,93,12,1
1,1,4.761904762,4.761904762,0,11,1,4,10,0,278,135,21,1
3,0,9.677419355,0,30,5,12,4,11,0,290,198,31,1
6,0,14.63414634,0,60,12,7,5,14,0,586,324,41,1
2,0,15.38461538,0,20,5,1,3,10,0,102,76,13,1
2,1,12.5,6.25,10,3,1,5,13,0,253,124,16,1
1,0,4.347826087,0,10,9,1,3,8,0,140,83,23,0
0,1,0,4.166666667,-10,10,4,3,10,0,201,113,24,0
0,6,0,18.75,-60,16,1,3,9,0,244,153,32,0
3,1,11.53846154,3.846153846,20,11,1,3,7,0,187,83,26,1
3,0,18.75,0,30,3,1,4,9,0,154,75,16,1
0,4,0,30.76923077,-40,2,1,3,11,0,123,70,13,0
1,0,3.703703704,0,10,7,6,3,7,0,188,92,27,1
1,0,9.090909091,0,10,2,4,2,5,0,46,30,11,1
2,0,10,0,20,8,3,3,9,0,145,76,20,1
0,0,0,0,0,2,1,2,8,0,52,24,8,1
1,1,12.5,12.5,0,1,1,2,5,0,34,24,8,1
1,0,8.333333333,0,10,5,2,3,10,0,96,68,12,1
1,0,11.11111111,0,10,4,1,2,6,0,42,34,9,1
2,0,22.22222222,0,20,1,1,4,12,0,140,74,9,1
2,0,40,0,20,1,1,3,10,0,71,39,5,1
2,0,14.28571429,0,20,3,2,4,13,0,189,93,14,1
0,0,0,0,0,9,6,4,12,0,297,160,30,1
1,1,7.142857143,7.142857143,0,3,1,4,12,0,152,74,14,1
3,0,13.04347826,0,30,8,1,3,8,0,159,95,23,1
2,0,22.22222222,0,20,2,1,2,6,0,43,28,9,1
1,0,14.28571429,0,10,0,1,3,7,0,51,35,7,1
2,0,28.57142857,0,20,1,1,3,9,0,59,36,7,1
1,0,11.11111111,0,10,2,1,2,6,0,46,37,9,0
0,1,0,8.333333333,-10,1,3,3,8,0,103,58,12,0
2,3,13.33333333,20,-10,5,1,4,13,0,209,115,15,0
0,1,0,14.28571429,-10,1,1,2,12,0,70,28,7,0
1,1,33.33333333,33.33333333,0,0,1,4,13,0,65,32,3,0
1,2,6.25,12.5,-10,5,1,3,12,0,120,71,16,0